{"cameraMode":{"drawMode":0,"name":"Shaded","section":"Shading Mode"},"sceneLighting":true,"audioPlay":false,"sceneViewState":{"showFog":false,"showMaterialUpdate":false,"showSkybox":false,"showFlares":false,"showImageEffects":false,"showParticleSystems":false},"in2DMode":false,"pivot":{"x":-17.856550216674806,"y":42.87075424194336,"z":3.020169258117676},"rotation":{"x":-0.203786700963974,"y":-0.7248476147651672,"z":0.24125967919826508,"w":-0.6122586727142334},"size":4.041658401489258,"orthographic":false}